{
  "user": [
    {
      "id": 0,
      "name": "SUSEN MARITZA",
      "dateIncorporation": "1900-01-01T00:00:00.000-05:36",
      "numberEmployees": 0,
      "lastName1": "ORTIZ",
      "lastName2": "GOMEZ",
      "sexCode": 2,
      "sex": "Femenino",
      "dateOfBirth": "1992-11-18T00:00:00.000-06:00",
      "maritalStatusCode": 7,
      "professionGroupCode": 6,
      "professionGroup": "INGENIERIAS",
      "professionCode": 60,
      "occupationGroup": null,
      "occupationCode": 999,
      "occupation": "ACTUALIZAR OCUPACION",
      "workplace": null,
      "netAmount": 0,
      "grossAmount": 0,
      "employeeFlag": 0,
      "countryCode": "CR",
      "country": "COSTA RICA",
      "cityCode": "CR-G",
      "cityName": "Guanacaste",
      "activityGroupCode": 7,
      "activityGroup": "SERVICIOS",
      "activityCode": 610,
      "activity": "SERVICIOS PRESTADOS AL PUBLICO",
      "segment": 4,
      "volumeLinkCode": "I",
      "activityLinkCode": "B",
      "utilityLinkCode": "B",
      "email": "susen.ortiz@grupobabel.com",
      "address": "BOSQUE DON JOSE, 500 MTS SUR DE LA IGLESIA DE LA LOCALIDAD, CASA A MANO IZQUIERDA DE COLOR ANARANJADO",
      "phone": "+506-8311-0000",
      "nationalityCode": 1,
      "nationality": "COSTARRICENSE",
      "customerCode": "0000001CD48F",
      "potentialCode": null,
      "officeCode": 0,
      "death": 0,
      "activityDetail": null,
      "maritalStatus": "CASADO",
      "profession": "INGENIERO INFORMATICO                   "
    },
    {
      "id": 1,
      "name": "VEHIEL",
      "dateIncorporation": "1900-01-01T00:00:00.000-05:36",
      "numberEmployees": 0,
      "lastName1": "ALEMAN",
      "lastName2": "CAMPOS",
      "sexCode": 1,
      "sex": "Masculino",
      "dateOfBirth": "1992-11-18T00:00:00.000-06:00",
      "maritalStatusCode": 7,
      "professionGroupCode": 6,
      "professionGroup": "INGENIERIAS",
      "professionCode": 60,
      "occupationGroup": null,
      "occupationCode": 999,
      "occupation": "ACTUALIZAR OCUPACION",
      "workplace": null,
      "netAmount": 0,
      "grossAmount": 0,
      "employeeFlag": 0,
      "countryCode": "CR",
      "country": "COSTA RICA",
      "cityCode": "CR-G",
      "cityName": "Guanacaste",
      "activityGroupCode": 7,
      "activityGroup": "SERVICIOS",
      "activityCode": 610,
      "activity": "SERVICIOS PRESTADOS AL PUBLICO",
      "segment": 4,
      "volumeLinkCode": "I",
      "activityLinkCode": "B",
      "utilityLinkCode": "B",
      "email": "vehiel.aleman@grupobabel.com",
      "address": "NICOYA, NICOYA",
      "phone": "+506-8311-0000",
      "nationalityCode": 1,
      "nationality": "COSTARRICENSE",
      "customerCode": "0000001CD48F",
      "potentialCode": null,
      "officeCode": 0,
      "death": 0,
      "activityDetail": null,
      "maritalStatus": "SOLTERO",
      "profession": "INGENIERO INFORMATICO                   "
    }
  ],
  "products": [
    {
      "id": 0,
      "productType": "Tarjeta de crédito",
      "IBAN": "CR05015114250825954790",
      "accountHolderNames": "MARTA ELENA ARCE VIQUEZ",
      "number": "4108-64**-****-8254",
      "creditLimit": 5350,
      "currency": "USD",
      "availableBalance": 171550.93,
      "accountInterestRate": "30",
      "maturityDate": "2022-07-20T00:00:00-06:00",
      "lastUpdateDate": "2022-08-04T00:00:00-06:00",
      "minimumPayment": 30000,
      "monthlyInstalmentAmount": 171550.93,
      "validThru": "2027-10-01T00:00:00-06:00",
      "additions": {
        "principalID": "1-05-0408-0760",
        "availableBalanceUSD": 20,
        "accountInterestRateUSD": 22.92,
        "creditAvailablePurchases": 2267164.07,
        "creditAvailablePurchasesUSD": 3778.6,
        "monthlyInstalmentAmountUSD": 20,
        "creditAvailableadvances": 2040447.66,
        "creditAvailableadvancesUSD": 3400.74,
        "minimumPaymentUSD": 10,
        "points": 0,
        "cardType": "VISA EMPRESARIAL",
        "cardMain": "EMPRESARIAL"
      }
    },
    {
      "id": 1,
      "productType": "Tarjeta de crédito",
      "IBAN": "CR03015114250545531997",
      "accountHolderNames": "PRUEBA PRUEBA PRUEBA",
      "number": "4938-23**-****-7044",
      "creditLimit": 2500,
      "currency": "USD",
      "availableBalance": -411026.66,
      "accountInterestRate": "30",
      "maturityDate": "2022-06-09T00:00:00-06:00",
      "lastUpdateDate": "2022-06-24T00:00:00-06:00",
      "minimumPayment": 0,
      "monthlyInstalmentAmount": 0,
      "validThru": "2027-11-01T00:00:00-06:00",
      "additions": {
        "principalID": "3-115600179518",
        "availableBalanceUSD": -142.46,
        "accountInterestRateUSD": 22.92,
        "creditAvailablePurchases": 1996502.66,
        "creditAvailablePurchasesUSD": 3327.5,
        "monthlyInstalmentAmountUSD": 0,
        "creditAvailableadvances": 1796852.39,
        "creditAvailableadvancesUSD": 2994.75,
        "minimumPaymentUSD": 0,
        "points": 0,
        "cardType": "VISA INTERNACIONAL",
        "cardMain": "TITULAR"
      }
    },
    {
      "id": 2,
      "productType": "Cuenta corriente",
      "IBAN": "CR12015108010026006161",
      "BBAN": "100020806006163",
      "ownerName": "VEHIEL ALEMAN CAMPOS",
      "currency": "USD",
      "availableBalance": 604621.22,
      "lastUpdateDate": "2022-08-18T00:00:00-06:00",
      "bankAlias": "DOLARES",
      "bookedBalance": 0,
      "additions": {
        "frozenBalance": 0,
        "principalID": "1-05-0408-0760"
      }
    }
  ]
}