{
	"info": {
		"_postman_id": "25558777-46ce-4e09-bb9c-bd906225c3e8",
		"name": "Presentacion Rest API",
		"schema": "https://schema.getpostman.com/json/collection/v2.1.0/collection.json"
	},
	"item": [
		{
			"name": "Usuarios",
			"item": [
				{
					"name": "Consulta usuario",
					"request": {
						"method": "GET",
						"header": [],
						"url": {
							"raw": "http://localhost:3000/user/1",
							"protocol": "http",
							"host": [
								"localhost"
							],
							"port": "3000",
							"path": [
								"user",
								"1"
							]
						}
					},
					"response": []
				},
				{
					"name": "Consulta usuarios general",
					"request": {
						"method": "GET",
						"header": [],
						"url": {
							"raw": "http://localhost:3000/user",
							"protocol": "http",
							"host": [
								"localhost"
							],
							"port": "3000",
							"path": [
								"user"
							]
						}
					},
					"response": []
				},
				{
					"name": "Actualizar usuario",
					"request": {
						"method": "PUT",
						"header": [],
						"body": {
							"mode": "raw",
							"raw": "{\r\n \"name\": \"ANTHONY\",\r\n    \"dateIncorporation\": \"1900-01-01T00:00:00.000-05:36\",\r\n    \"numberEmployees\": 0,\r\n    \"lastName1\": \"CONTRERAS\",\r\n    \"lastName2\": \"MORA\"\r\n}",
							"options": {
								"raw": {
									"language": "json"
								}
							}
						},
						"url": {
							"raw": "http://localhost:3000/user/2",
							"protocol": "http",
							"host": [
								"localhost"
							],
							"port": "3000",
							"path": [
								"user",
								"2"
							]
						}
					},
					"response": []
				},
				{
					"name": "Actualizar usuario parcial",
					"request": {
						"method": "PATCH",
						"header": [],
						"body": {
							"mode": "raw",
							"raw": "{\r\n    \"sexCode\": 1,\r\n    \"sex\": \"Masculino\"\r\n}",
							"options": {
								"raw": {
									"language": "json"
								}
							}
						},
						"url": {
							"raw": "http://localhost:3000/user/2",
							"protocol": "http",
							"host": [
								"localhost"
							],
							"port": "3000",
							"path": [
								"user",
								"2"
							]
						}
					},
					"response": []
				},
				{
					"name": "Crear usuario",
					"request": {
						"method": "POST",
						"header": [],
						"body": {
							"mode": "raw",
							"raw": "{\r\n \"name\": \"CARLOS\",\r\n    \"dateIncorporation\": \"1900-01-01T00:00:00.000-05:36\",\r\n    \"numberEmployees\": 0,\r\n    \"lastName1\": \"RUIZ\",\r\n    \"lastName2\": \"CAMPOS\",\r\n    \"sexCode\": 2,\r\n    \"sex\": \"Femenino\",\r\n    \"dateOfBirth\": \"1992-11-18T00:00:00.000-06:00\",\r\n    \"maritalStatusCode\": 7,\r\n    \"professionGroupCode\": 6,\r\n    \"professionGroup\": \"INGENIERIAS\"\r\n}",
							"options": {
								"raw": {
									"language": "json"
								}
							}
						},
						"url": {
							"raw": "http://localhost:3000/user",
							"protocol": "http",
							"host": [
								"localhost"
							],
							"port": "3000",
							"path": [
								"user"
							]
						}
					},
					"response": []
				},
				{
					"name": "Eliminar usuario",
					"request": {
						"method": "DELETE",
						"header": [],
						"body": {
							"mode": "raw",
							"raw": "{\r\n \"name\": \"CARLOS\",\r\n    \"dateIncorporation\": \"1900-01-01T00:00:00.000-05:36\",\r\n    \"numberEmployees\": 0,\r\n    \"lastName1\": \"RUIZ\",\r\n    \"lastName2\": \"CAMPOS\",\r\n    \"sexCode\": 2,\r\n    \"sex\": \"Femenino\",\r\n    \"dateOfBirth\": \"1992-11-18T00:00:00.000-06:00\",\r\n    \"maritalStatusCode\": 7,\r\n    \"professionGroupCode\": 6,\r\n    \"professionGroup\": \"INGENIERIAS\"\r\n}",
							"options": {
								"raw": {
									"language": "json"
								}
							}
						},
						"url": {
							"raw": "http://localhost:3000/user/2",
							"protocol": "http",
							"host": [
								"localhost"
							],
							"port": "3000",
							"path": [
								"user",
								"2"
							]
						}
					},
					"response": []
				}
			]
		},
		{
			"name": "Productos",
			"item": [
				{
					"name": "Consulta producto",
					"request": {
						"method": "GET",
						"header": [],
						"url": {
							"raw": "http://localhost:3000/products/2",
							"protocol": "http",
							"host": [
								"localhost"
							],
							"port": "3000",
							"path": [
								"products",
								"2"
							]
						}
					},
					"response": []
				},
				{
					"name": "Consulta productos general",
					"request": {
						"method": "GET",
						"header": [],
						"url": {
							"raw": "http://localhost:3000/products",
							"protocol": "http",
							"host": [
								"localhost"
							],
							"port": "3000",
							"path": [
								"products"
							]
						}
					},
					"response": []
				},
				{
					"name": "Crear producto",
					"request": {
						"method": "POST",
						"header": [],
						"body": {
							"mode": "raw",
							"raw": "    {\r\n      \"productType\": \"Cuenta ahorros\",\r\n      \"IBAN\": \"CR12015108010026006161\",\r\n      \"BBAN\": \"100010806006163\",\r\n      \"ownerName\": \"JOSUE FLORES CUBERO\",\r\n      \"currency\": \"CRC\",\r\n      \"availableBalance\": 9999999.99,\r\n      \"lastUpdateDate\": \"2022-08-18T00:00:00-06:00\",\r\n      \"bankAlias\": \"COLONES\",\r\n      \"bookedBalance\": 0,\r\n      \"additions\": {\r\n        \"frozenBalance\": 0,\r\n        \"principalID\": \"1-05-0408-0760\"\r\n      }\r\n    }",
							"options": {
								"raw": {
									"language": "json"
								}
							}
						},
						"url": {
							"raw": "http://localhost:3000/products",
							"protocol": "http",
							"host": [
								"localhost"
							],
							"port": "3000",
							"path": [
								"products"
							]
						}
					},
					"response": []
				},
				{
					"name": "Actualizar producto",
					"request": {
						"method": "PUT",
						"header": [],
						"body": {
							"mode": "raw",
							"raw": "    {\r\n      \"productType\": \"Cuenta ahorros\",\r\n      \"IBAN\": \"CR12015108010026006161\",\r\n      \"BBAN\": \"100010806006163\",\r\n      \"ownerName\": \"JOSUE FLORES CUBERO\",\r\n      \"currency\": \"CRC\",\r\n      \"availableBalance\": 9999999.99,\r\n      \"lastUpdateDate\": \"2022-08-18T00:00:00-06:00\",\r\n      \"bankAlias\": \"COLONES\",\r\n      \"bookedBalance\": 0,\r\n      \"additions\": {\r\n        \"frozenBalance\": 0,\r\n        \"principalID\": \"1-05-0408-0760\"\r\n      }\r\n    }",
							"options": {
								"raw": {
									"language": "json"
								}
							}
						},
						"url": {
							"raw": "http://localhost:3000/products/3",
							"protocol": "http",
							"host": [
								"localhost"
							],
							"port": "3000",
							"path": [
								"products",
								"3"
							]
						}
					},
					"response": []
				},
				{
					"name": "Actualizar producto parcial",
					"request": {
						"method": "PATCH",
						"header": [],
						"body": {
							"mode": "raw",
							"raw": "    {\r\n      \"additions\": {\r\n        \"frozenBalance\": 0,\r\n        \"principalID\": \"1-05-0408-0761\"\r\n      }\r\n    }",
							"options": {
								"raw": {
									"language": "json"
								}
							}
						},
						"url": {
							"raw": "http://localhost:3000/products/2",
							"protocol": "http",
							"host": [
								"localhost"
							],
							"port": "3000",
							"path": [
								"products",
								"2"
							]
						}
					},
					"response": []
				},
				{
					"name": "Eliminar producto",
					"request": {
						"method": "DELETE",
						"header": [],
						"url": {
							"raw": "http://localhost:3000/products/3",
							"protocol": "http",
							"host": [
								"localhost"
							],
							"port": "3000",
							"path": [
								"products",
								"3"
							]
						}
					},
					"response": []
				}
			]
		},
		{
			"name": "Options",
			"request": {
				"method": "OPTIONS",
				"header": [],
				"url": {
					"raw": "http://localhost:3000/user/1",
					"protocol": "http",
					"host": [
						"localhost"
					],
					"port": "3000",
					"path": [
						"user",
						"1"
					]
				}
			},
			"response": []
		},
		{
			"name": "Head",
			"request": {
				"method": "HEAD",
				"header": [],
				"url": {
					"raw": "http://localhost:3000/user/1",
					"protocol": "http",
					"host": [
						"localhost"
					],
					"port": "3000",
					"path": [
						"user",
						"1"
					]
				}
			},
			"response": []
		}
	]
}